<?xml version="1.0"?>
<!DOCTYPE mycat:schema SYSTEM "schema.dtd">
<mycat:schema xmlns:mycat="http://io.mycat/">

	<schema name="TESTDB" checkSQLschema="true" sqlMaxLimit="100">
	
		<table name="demo" primaryKey="id" autoIncrement="true" dataNode="dn1,dn2,dn3"
			   rule="mod-long" />
			   
		
	</schema>
	
	<dataNode name="dn1" dataHost="localhost1" database="test_mycat1" />
	<dataNode name="dn2" dataHost="localhost1" database="test_mycat2" />
	<dataNode name="dn3" dataHost="localhost1" database="test_mycat3" />
			
	<dataHost name="localhost1" maxCon="10" minCon="1" balance="0"
			  writeType="0" dbType="mysql" dbDriver="native" switchType="1"  slaveThreshold="100">
		<heartbeat>select user()</heartbeat>
		<!-- can have multi write hosts -->
		<writeHost host="hostM1" url="localhost:3306" user="root"
				   password="root">			
		</writeHost>		
	</dataHost>
	
</mycat:schema>